,off,on
00:00:00,11,307
00:00:00.500000,11,307
00:00:01,11,305
00:00:01.500000,7,305
00:00:02,11,305
00:00:02.500000,11,305
00:00:03,10,306
00:00:03.500000,9,304
00:00:04,6,306
00:00:04.500000,7,307
00:00:05,7,307
00:00:05.500000,6,305
00:00:06,10,306
00:00:06.500000,6,306
00:00:07,7,306
00:00:07.500000,7,306
00:00:08,9,306
00:00:08.500000,10,306
00:00:09,10,306
00:00:09.500000,7,307
00:00:10,7,307
00:00:10.500000,9,305
00:00:11,10,305
00:00:11.500000,11,306
00:00:12,7,306
00:00:12.500000,7,306
00:00:13,8,306
00:00:13.500000,10,306
00:00:14,6,305
00:00:14.500000,6,305
00:00:15,10,305
00:00:15.500000,9,305
00:00:16,7,305
00:00:16.500000,8,306
00:00:17,8,306
00:00:17.500000,7,306
00:00:18,7,306
00:00:18.500000,10,306
00:00:19,10,304
00:00:19.500000,10,304
00:00:20,7,306
00:00:20.500000,7,306
00:00:21,9,305
00:00:21.500000,9,305
00:00:22,10,306
00:00:22.500000,10,306
00:00:23,7,305
00:00:23.500000,9,304
00:00:24,10,306
00:00:24.500000,10,306
00:00:25,7,306
00:00:25.500000,6,306
00:00:26,10,305
00:00:26.500000,10,305
00:00:27,8,305
00:00:27.500000,9,307
00:00:28,10,306
00:00:28.500000,7,305
00:00:29,7,305
00:00:29.500000,6,307
00:00:30,6,306
00:00:30.500000,9,305
00:00:31,6,306
00:00:31.500000,6,306
00:00:32,7,306
00:00:32.500000,6,306
00:00:33,7,305
00:00:33.500000,6,306
00:00:34,6,306
00:00:34.500000,10,306
00:00:35,6,305
00:00:35.500000,9,306
00:00:36,9,306
00:00:36.500000,7,305
00:00:37,10,305
00:00:37.500000,10,306
00:00:38,7,306
00:00:38.500000,7,306
00:00:39,6,307
00:00:39.500000,9,307
00:00:40,8,305
00:00:40.500000,6,305
00:00:41,6,305
00:00:41.500000,10,306
00:00:42,7,306
00:00:42.500000,7,306
00:00:43,10,305
00:00:43.500000,10,305
00:00:44,7,306
00:00:44.500000,10,306
00:00:45,10,306
00:00:45.500000,9,307
00:00:46,9,307
00:00:46.500000,7,305
00:00:47,9,305
00:00:47.500000,8,306
00:00:48,8,306
00:00:48.500000,6,305
00:00:49,7,304
00:00:49.500000,6,307
00:00:50,7,305
00:00:50.500000,7,305
00:00:51,7,306
00:00:51.500000,9,306
00:00:52,6,306
00:00:52.500000,7,305
00:00:53,7,305
00:00:53.500000,7,306
00:00:54,9,306
00:00:54.500000,8,305
00:00:55,10,306
00:00:55.500000,10,306
00:00:56,10,306
00:00:56.500000,7,306
00:00:57,7,306
00:00:57.500000,10,306
00:00:58,10,306
00:00:58.500000,6,306
00:00:59,7,305
00:00:59.500000,10,306
00:01:00,10,306
00:01:00.500000,10,306
00:01:01,6,305
00:01:01.500000,6,305
00:01:02,7,306
00:01:02.500000,7,306
00:01:03,10,305
00:01:03.500000,6,306
00:01:04,9,306
00:01:04.500000,7,305
00:01:05,7,305
00:01:05.500000,7,306
00:01:06,8,306
00:01:06.500000,6,306
00:01:07,6,306
00:01:07.500000,6,306
00:01:08,10,304
00:01:08.500000,8,305
00:01:09,7,306
00:01:09.500000,7,306
00:01:10,7,306
00:01:10.500000,6,306
00:01:11,10,305
00:01:11.500000,8,306
00:01:12,8,306
00:01:12.500000,7,306
00:01:13,10,305
00:01:13.500000,10,305
00:01:14,9,306
00:01:14.500000,9,306
00:01:15,8,305
00:01:15.500000,10,305
00:01:16,9,305
00:01:16.500000,7,306
00:01:17,7,306
00:01:17.500000,10,305
00:01:18,7,305
00:01:18.500000,10,306
00:01:19,10,305
00:01:19.500000,10,305
00:01:20,7,305
00:01:20.500000,6,305
00:01:21,7,306
00:01:21.500000,10,307
00:01:22,10,307
00:01:22.500000,7,306
00:01:23,6,304
00:01:23.500000,10,305
00:01:24,10,305
00:01:24.500000,9,304
00:01:25,8,304
00:01:25.500000,6,306
00:01:26,6,306
00:01:26.500000,6,306
00:01:27,10,304
00:01:27.500000,7,306
00:01:28,9,305
00:01:28.500000,10,306
00:01:29,10,306
00:01:29.500000,9,306
00:01:30,10,306
00:01:30.500000,8,305
00:01:31,8,306
00:01:31.500000,8,306
00:01:32,6,306
00:01:32.500000,8,305
00:01:33,10,306
00:01:33.500000,7,305
00:01:34,7,305
00:01:34.500000,7,306
00:01:35,8,306
00:01:35.500000,8,305
00:01:36,7,304
00:01:36.500000,7,304
00:01:37,7,306
00:01:37.500000,10,306
00:01:38,6,305
00:01:38.500000,6,305
00:01:39,6,305
00:01:39.500000,6,305
00:01:40,10,306
00:01:40.500000,6,305
00:01:41,6,305
00:01:41.500000,6,306
00:01:42,10,305
00:01:42.500000,6,306
00:01:43,8,306
00:01:43.500000,8,306
00:01:44,7,305
00:01:44.500000,8,306
00:01:45,7,305
00:01:45.500000,9,305
00:01:46,9,305
00:01:46.500000,6,305
00:01:47,10,305
00:01:47.500000,9,306
00:01:48,6,305
00:01:48.500000,6,305
00:01:49,6,305
00:01:49.500000,8,305
00:01:50,9,306
00:01:50.500000,9,306
00:01:51,7,306
00:01:51.500000,7,307
00:01:52,7,305
00:01:52.500000,7,305
00:01:53,7,305
00:01:53.500000,6,306
00:01:54,10,306
00:01:54.500000,8,306
00:01:55,6,305
00:01:55.500000,6,305
00:01:56,10,305
00:01:56.500000,9,306
00:01:57,6,304
00:01:57.500000,7,305
00:01:58,7,305
00:01:58.500000,10,306
00:01:59,8,306
00:01:59.500000,8,305
00:02:00,9,307
00:02:00.500000,9,307
00:02:01,6,306
00:02:01.500000,10,306
00:02:02,7,305
00:02:02.500000,7,305
00:02:03,9,306
00:02:03.500000,6,306
00:02:04,10,306
00:02:04.500000,6,305
00:02:05,6,305
00:02:05.500000,10,306
00:02:06,10,307
00:02:06.500000,6,307
00:02:07,10,305
00:02:07.500000,10,305
00:02:08,10,306
00:02:08.500000,8,306
00:02:09,8,305
00:02:09.500000,10,304
00:02:10,10,304
00:02:10.500000,10,305
00:02:11,6,306
00:02:11.500000,6,306
00:02:12,7,305
00:02:12.500000,7,305
00:02:13,7,306
00:02:13.500000,6,306
00:02:14,9,306
00:02:14.500000,9,306
00:02:15,8,305
00:02:15.500000,6,306
00:02:16,6,305
00:02:16.500000,6,306
00:02:17,6,306
00:02:17.500000,8,306
00:02:18,8,306
00:02:18.500000,10,305
00:02:19,6,305
00:02:19.500000,6,305
00:02:20,10,306
00:02:20.500000,10,305
00:02:21,11,305
00:02:21.500000,9,306
00:02:22,9,306
00:02:22.500000,6,307
00:02:23,7,305
00:02:23.500000,10,305
00:02:24,7,305
00:02:24.500000,7,305
00:02:25,6,307
00:02:25.500000,6,307
00:02:26,7,306
00:02:26.500000,7,306
00:02:27,7,307
00:02:27.500000,7,306
00:02:28,9,306
00:02:28.500000,8,307
00:02:29,8,307
00:02:29.500000,10,306
00:02:30,6,305
00:02:30.500000,10,307
00:02:31,10,306
00:02:31.500000,10,306
00:02:32,8,306
00:02:32.500000,7,305
00:02:33,7,307
00:02:33.500000,10,305
00:02:34,10,305
00:02:34.500000,6,306
00:02:35,6,307
00:02:35.500000,10,306
00:02:36,6,306
00:02:36.500000,6,306
00:02:37,6,305
00:02:37.500000,8,306
00:02:38,8,306
00:02:38.500000,8,306
00:02:39,9,305
00:02:39.500000,8,305
00:02:40,6,306
00:02:40.500000,6,306
00:02:41,6,306
00:02:41.500000,7,306
00:02:42,10,306
00:02:42.500000,7,306
00:02:43,6,305
00:02:43.500000,6,305
00:02:44,6,306
00:02:44.500000,6,307
00:02:45,10,307
00:02:45.500000,6,307
00:02:46,6,307
00:02:46.500000,8,306
00:02:47,10,306
00:02:47.500000,10,306
00:02:48,8,307
00:02:48.500000,8,307
00:02:49,8,307
00:02:49.500000,8,307
00:02:50,8,306
00:02:50.500000,8,306
00:02:51,6,306
00:02:51.500000,6,306
00:02:52,10,305
00:02:52.500000,8,307
00:02:53,8,307
00:02:53.500000,7,307
00:02:54,10,307
00:02:54.500000,6,306
00:02:55,10,307
00:02:55.500000,10,307
00:02:56,6,305
00:02:56.500000,10,306
00:02:57,7,306
00:02:57.500000,6,306
00:02:58,6,306
00:02:58.500000,10,306
00:02:59,6,306
00:02:59.500000,8,306
00:03:00,8,306
00:03:00.500000,10,307
00:03:01,6,307
00:03:01.500000,6,307
00:03:02,7,306
00:03:02.500000,7,306
00:03:03,10,308
00:03:03.500000,7,308
00:03:04,10,307
00:03:04.500000,10,307
00:03:05,10,307
00:03:05.500000,11,307
00:03:06,8,306
00:03:06.500000,8,307
00:03:07,7,306
00:03:07.500000,7,306
00:03:08,6,307
00:03:08.500000,9,307
00:03:09,9,307
00:03:09.500000,10,307
00:03:10,10,307
00:03:10.500000,6,307
00:03:11,6,307
00:03:11.500000,10,307
00:03:12,6,307
00:03:12.500000,6,307
00:03:13,8,306
00:03:13.500000,7,307
00:03:14,10,307
00:03:14.500000,10,307
00:03:15,9,307
00:03:15.500000,10,307
00:03:16,7,308
00:03:16.500000,7,307
00:03:17,7,307
00:03:17.500000,10,308
00:03:18,6,307
00:03:18.500000,6,307
00:03:19,7,308
00:03:19.500000,7,308
00:03:20,6,307
00:03:20.500000,7,308
00:03:21,10,307
00:03:21.500000,8,308
00:03:22,8,308
00:03:22.500000,9,307
00:03:23,10,307
00:03:23.500000,9,307
00:03:24,7,308
00:03:24.500000,7,308
00:03:25,6,307
00:03:25.500000,10,307
00:03:26,10,308
00:03:26.500000,8,308
00:03:27,8,308
00:03:27.500000,7,307
00:03:28,6,308
00:03:28.500000,7,308
00:03:29,7,308
00:03:29.500000,10,307
00:03:30,8,307
00:03:30.500000,9,308
00:03:31,7,306
00:03:31.500000,7,306
00:03:32,6,307
00:03:32.500000,7,307
00:03:33,7,308
00:03:33.500000,6,308
00:03:34,6,308
00:03:34.500000,7,307
00:03:35,9,308
00:03:35.500000,10,308
00:03:36,8,308
00:03:36.500000,8,308
00:03:37,6,307
00:03:37.500000,7,307
00:03:38,10,308
00:03:38.500000,10,308
00:03:39,6,308
00:03:39.500000,7,309
00:03:40,8,308
00:03:40.500000,6,308
00:03:41,6,308
00:03:41.500000,6,308
00:03:42,10,308
00:03:42.500000,10,308
00:03:43,10,309
00:03:43.500000,10,309
00:03:44,10,307
00:03:44.500000,8,308
00:03:45,10,309
00:03:45.500000,10,308
00:03:46,10,308
00:03:46.500000,10,309
00:03:47,10,307
00:03:47.500000,7,308
00:03:48,6,308
00:03:48.500000,6,308
00:03:49,6,308
00:03:49.500000,6,307
00:03:50,6,308
00:03:50.500000,6,307
00:03:51,6,307
00:03:51.500000,7,307
00:03:52,8,308
00:03:52.500000,9,308
00:03:53,9,308
00:03:53.500000,7,308
00:03:54,8,309
00:03:54.500000,6,308
00:03:55,10,307
00:03:55.500000,10,307
00:03:56,6,308
00:03:56.500000,8,308
00:03:57,10,309
00:03:57.500000,10,309
00:03:58,10,309
00:03:58.500000,10,308
00:03:59,7,308
00:03:59.500000,9,307
00:04:00,10,308
00:04:00.500000,10,308
00:04:01,10,308
00:04:01.500000,10,308
00:04:02,9,309
00:04:02.500000,9,309
00:04:03,9,309
00:04:03.500000,10,309
00:04:04,9,309
00:04:04.500000,10,307
00:04:05,10,307
00:04:05.500000,6,308
00:04:06,7,307
00:04:06.500000,10,308
00:04:07,6,309
00:04:07.500000,6,309
00:04:08,6,308
00:04:08.500000,9,308
00:04:09,6,308
00:04:09.500000,6,309
00:04:10,6,309
00:04:10.500000,10,308
00:04:11,7,308
00:04:11.500000,10,309
00:04:12,10,308
00:04:12.500000,10,308
00:04:13,10,309
00:04:13.500000,10,309
00:04:14,10,308
00:04:14.500000,10,308
00:04:15,10,310
00:04:15.500000,9,308
00:04:16,7,309
00:04:16.500000,10,308
00:04:17,10,308
00:04:17.500000,6,308
00:04:18,7,308
00:04:18.500000,7,308
00:04:19,8,309
00:04:19.500000,8,309
00:04:20,6,310
00:04:20.500000,6,309
00:04:21,7,309
00:04:21.500000,10,309
00:04:22,10,309
00:04:22.500000,10,308
00:04:23,10,309
00:04:23.500000,9,309
00:04:24,9,308
00:04:24.500000,9,308
00:04:25,9,309
00:04:25.500000,6,309
00:04:26,7,309
00:04:26.500000,9,309
00:04:27,9,309
00:04:27.500000,10,309
00:04:28,6,309
00:04:28.500000,6,310
00:04:29,6,310
00:04:29.500000,8,310
00:04:30,10,309
00:04:30.500000,8,308
00:04:31,9,310
00:04:31.500000,9,310
00:04:32,10,310
00:04:32.500000,11,309
00:04:33,6,310
00:04:33.500000,6,309
00:04:34,6,309
00:04:34.500000,9,310
00:04:35,6,309
00:04:35.500000,9,308
00:04:36,9,310
00:04:36.500000,9,310
00:04:37,7,309
00:04:37.500000,7,309
00:04:38,6,309
00:04:38.500000,6,309
00:04:39,6,309
00:04:39.500000,7,309
00:04:40,10,308
00:04:40.500000,9,310
00:04:41,9,310
00:04:41.500000,8,309
00:04:42,7,309
00:04:42.500000,7,310
00:04:43,10,309
00:04:43.500000,10,309
00:04:44,10,310
00:04:44.500000,6,308
00:04:45,8,309
00:04:45.500000,9,308
00:04:46,9,308
00:04:46.500000,7,310
00:04:47,7,310
00:04:47.500000,7,310
00:04:48,8,310
00:04:48.500000,8,310
00:04:49,9,309
00:04:49.500000,6,309
00:04:50,10,308
00:04:50.500000,10,310
00:04:51,10,310
00:04:51.500000,9,310
00:04:52,9,310
00:04:52.500000,6,309
00:04:53,6,309
00:04:53.500000,10,310
00:04:54,6,310
00:04:54.500000,6,311
00:04:55,10,309
00:04:55.500000,10,309
00:04:56,6,310
00:04:56.500000,8,310
00:04:57,7,310
00:04:57.500000,10,310
00:04:58,10,310
00:04:58.500000,8,309
00:04:59,10,309
00:04:59.500000,7,310
00:05:00,9,309
00:05:00.500000,9,309
00:05:01,9,309
00:05:01.500000,7,310
00:05:02,6,309
00:05:02.500000,10,310
00:05:03,10,310
00:05:03.500000,8,309
00:05:04,10,310
00:05:04.500000,10,309
00:05:05,10,309
00:05:05.500000,6,309
00:05:06,6,309
00:05:06.500000,6,310
00:05:07,10,310
00:05:07.500000,10,310
00:05:08,6,310
00:05:08.500000,6,310
00:05:09,6,310
00:05:09.500000,7,311
00:05:10,7,311
00:05:10.500000,9,309
00:05:11,9,311
00:05:11.500000,8,310
00:05:12,9,309
00:05:12.500000,9,309
00:05:13,9,309
00:05:13.500000,7,309
00:05:14,6,309
00:05:14.500000,6,309
00:05:15,7,310
00:05:15.500000,6,310
00:05:16,8,310
00:05:16.500000,9,309
00:05:17,9,309
00:05:17.500000,6,311
00:05:18,8,310
00:05:18.500000,9,309
00:05:19,6,310
00:05:19.500000,6,310
00:05:20,8,309
00:05:20.500000,9,309
00:05:21,7,311
00:05:21.500000,8,311
00:05:22,8,311
00:05:22.500000,10,311
00:05:23,6,310
00:05:23.500000,10,310
00:05:24,10,309
00:05:24.500000,10,309
00:05:25,9,310
00:05:25.500000,6,311
00:05:26,9,311
00:05:26.500000,8,310
00:05:27,8,310
00:05:27.500000,7,310
00:05:28,10,311
00:05:28.500000,10,311
00:05:29,10,311
00:05:29.500000,10,310
00:05:30,9,311
00:05:30.500000,9,311
00:05:31,9,310
00:05:31.500000,9,310
00:05:32,9,310
00:05:32.500000,10,311
00:05:33,10,310
00:05:33.500000,10,310
00:05:34,10,310
00:05:34.500000,6,310
00:05:35,8,311
00:05:35.500000,7,311
00:05:36,9,311
00:05:36.500000,9,311
00:05:37,9,311
00:05:37.500000,6,310
00:05:38,9,309
00:05:38.500000,7,311
00:05:39,7,311
00:05:39.500000,10,310
00:05:40,7,311
00:05:40.500000,10,311
00:05:41,10,311
00:05:41.500000,7,312
00:05:42,6,310
00:05:42.500000,8,310
00:05:43,10,311
00:05:43.500000,10,311
00:05:44,7,311
00:05:44.500000,10,312
00:05:45,7,310
00:05:45.500000,7,310
00:05:46,7,310
00:05:46.500000,9,313
00:05:47,8,311
00:05:47.500000,10,311
00:05:48,6,312
00:05:48.500000,6,312
00:05:49,7,311
00:05:49.500000,6,311
00:05:50,10,312
00:05:50.500000,10,311
00:05:51,10,311
00:05:51.500000,8,310
00:05:52,8,311
00:05:52.500000,8,312
00:05:53,10,311
00:05:53.500000,10,311
00:05:54,10,311
00:05:54.500000,6,311
00:05:55,10,311
00:05:55.500000,10,311
00:05:56,6,311
00:05:56.500000,8,311
00:05:57,8,311
00:05:57.500000,9,312
00:05:58,9,312
00:05:58.500000,10,311
00:05:59,6,311
00:05:59.500000,6,312
00:06:00,9,311
00:06:00.500000,9,311
00:06:01,10,311
00:06:01.500000,8,311
00:06:02,6,311
00:06:02.500000,6,311
00:06:03,6,311
00:06:03.500000,6,312
00:06:04,6,310
00:06:04.500000,9,311
00:06:05,10,310
00:06:05.500000,10,310
00:06:06,7,311
00:06:06.500000,6,311
00:06:07,9,312
00:06:07.500000,9,312
00:06:08,6,312
00:06:08.500000,6,311
00:06:09,8,312
00:06:09.500000,8,311
00:06:10,8,311
00:06:10.500000,9,311
00:06:11,9,311
00:06:11.500000,6,312
00:06:12,9,312
00:06:12.500000,9,312
00:06:13,10,312
00:06:13.500000,7,312
00:06:14,7,311
00:06:14.500000,6,311
00:06:15,6,311
00:06:15.500000,9,312
00:06:16,6,312
00:06:16.500000,7,311
00:06:17,7,311
00:06:17.500000,6,312
00:06:18,6,310
00:06:18.500000,10,312
00:06:19,8,311
00:06:19.500000,8,311
00:06:20,6,313
00:06:20.500000,8,311
00:06:21,6,311
00:06:21.500000,7,312
00:06:22,7,312
00:06:22.500000,10,312
00:06:23,7,311
00:06:23.500000,7,312
00:06:24,9,313
00:06:24.500000,9,313
00:06:25,8,312
00:06:25.500000,6,311
00:06:26,9,312
00:06:26.500000,10,313
00:06:27,10,313
00:06:27.500000,7,311
00:06:28,7,311
00:06:28.500000,9,311
00:06:29,9,311
00:06:29.500000,9,311
00:06:30,6,311
00:06:30.500000,10,311
00:06:31,6,312
00:06:31.500000,6,312
00:06:32,9,312
00:06:32.500000,8,312
00:06:33,9,311
00:06:33.500000,6,312
00:06:34,6,312
00:06:34.500000,6,311
00:06:35,7,311
00:06:35.500000,6,312
00:06:36,10,311
00:06:36.500000,10,311
00:06:37,7,311
00:06:37.500000,6,312
00:06:38,7,311
00:06:38.500000,9,313
00:06:39,9,313
00:06:39.500000,9,313
00:06:40,6,312
00:06:40.500000,10,312
00:06:41,6,313
00:06:41.500000,6,313
00:06:42,8,312
00:06:42.500000,6,312
00:06:43,7,313
00:06:43.500000,7,313
00:06:44,9,313
00:06:44.500000,10,313
00:06:45,9,312
00:06:45.500000,9,311
00:06:46,9,311
00:06:46.500000,8,313
00:06:47,10,313
00:06:47.500000,9,312
00:06:48,9,313
00:06:48.500000,9,313
00:06:49,8,313
00:06:49.500000,8,312
00:06:50,10,313
00:06:50.500000,6,313
00:06:51,6,313
00:06:51.500000,6,313
00:06:52,6,311
00:06:52.500000,8,311
00:06:53,10,313
00:06:53.500000,10,313
00:06:54,10,311
00:06:54.500000,6,313
00:06:55,6,314
00:06:55.500000,6,314
00:06:56,7,312
00:06:56.500000,6,313
00:06:57,10,313
00:06:57.500000,6,311
00:06:58,6,311
00:06:58.500000,10,313
00:06:59,8,313
00:06:59.500000,10,311
00:07:00,7,313
00:07:00.500000,7,313
00:07:01,6,312
00:07:01.500000,10,313
00:07:02,9,313
00:07:02.500000,7,312
00:07:03,7,312
00:07:03.500000,6,313
00:07:04,7,313
00:07:04.500000,9,313
00:07:05,10,313
00:07:05.500000,10,313
00:07:06,7,312
00:07:06.500000,8,313
00:07:07,7,314
00:07:07.500000,7,314
00:07:08,9,313
00:07:08.500000,9,313
00:07:09,10,313
00:07:09.500000,10,313
00:07:10,10,313
00:07:10.500000,10,312
00:07:11,6,313
00:07:11.500000,8,313
00:07:12,10,313
00:07:12.500000,10,313
00:07:13,6,313
00:07:13.500000,6,311
00:07:14,9,313
00:07:14.500000,6,313
00:07:15,6,313
00:07:15.500000,7,313
00:07:16,6,313
00:07:16.500000,7,314
00:07:17,9,313
00:07:17.500000,9,313
00:07:18,8,312
00:07:18.500000,10,314
00:07:19,9,313
00:07:19.500000,9,313
00:07:20,10,314
00:07:20.500000,7,314
00:07:21,7,314
00:07:21.500000,6,313
00:07:22,6,313
00:07:22.500000,6,313
00:07:23,7,313
00:07:23.500000,10,313
00:07:24,9,313
00:07:24.500000,9,313
00:07:25,10,313
00:07:25.500000,7,314
00:07:26,10,312
00:07:26.500000,8,313
00:07:27,8,313
00:07:27.500000,6,312
00:07:28,8,314
00:07:28.500000,7,314
00:07:29,6,313
00:07:29.500000,6,313
00:07:30,7,314
00:07:30.500000,10,312
00:07:31,6,314
00:07:31.500000,10,312
00:07:32,10,312
00:07:32.500000,9,314
00:07:33,6,314
00:07:33.500000,7,313
00:07:34,7,313
00:07:34.500000,6,315
00:07:35,7,313
00:07:35.500000,10,314
00:07:36,10,313
00:07:36.500000,10,313
00:07:37,7,313
00:07:37.500000,7,313
00:07:38,6,314
00:07:38.500000,7,313
00:07:39,7,313
00:07:39.500000,8,314
00:07:40,10,314
00:07:40.500000,6,314
00:07:41,9,313
00:07:41.500000,9,313
00:07:42,10,314
00:07:42.500000,8,314
00:07:43,7,315
00:07:43.500000,7,315
00:07:44,6,313
00:07:44.500000,10,314
00:07:45,7,314
00:07:45.500000,9,315
00:07:46,9,315
00:07:46.500000,6,314
00:07:47,6,314
00:07:47.500000,7,313
00:07:48,6,313
00:07:48.500000,6,313
00:07:49,8,314
00:07:49.500000,9,314
00:07:50,10,314
00:07:50.500000,9,313
00:07:51,9,313
00:07:51.500000,8,314
00:07:52,10,312
00:07:52.500000,10,314
00:07:53,6,314
00:07:53.500000,6,314
00:07:54,10,313
00:07:54.500000,7,313
00:07:55,8,313
00:07:55.500000,6,313
00:07:56,6,313
00:07:56.500000,9,314
00:07:57,8,313
00:07:57.500000,10,313
00:07:58,10,313
00:07:58.500000,8,313
00:07:59,10,315
00:07:59.500000,8,314
00:08:00,7,314
00:08:00.500000,7,314
00:08:01,10,314
00:08:01.500000,6,313
00:08:02,6,314
00:08:02.500000,10,314
00:08:03,10,314
00:08:03.500000,7,315
00:08:04,9,313
00:08:04.500000,7,315
00:08:05,10,313
00:08:05.500000,10,313
00:08:06,6,314
00:08:06.500000,8,314
00:08:07,8,314
00:08:07.500000,9,315
00:08:08,9,315
00:08:08.500000,6,314
00:08:09,6,315
00:08:09.500000,9,314
00:08:10,9,314
00:08:10.500000,8,315
00:08:11,7,313
00:08:11.500000,10,314
00:08:12,8,313
00:08:12.500000,8,313
00:08:13,9,313
00:08:13.500000,6,315
00:08:14,9,315
00:08:14.500000,7,314
00:08:15,7,314
00:08:15.500000,6,314
00:08:16,7,314
00:08:16.500000,9,315
00:08:17,7,315
00:08:17.500000,7,315
00:08:18,6,314
00:08:18.500000,9,316
00:08:19,9,314
00:08:19.500000,9,314
00:08:20,7,314
00:08:20.500000,10,313
00:08:21,8,315
00:08:21.500000,7,314
00:08:22,7,314
00:08:22.500000,7,314
00:08:23,7,314
00:08:23.500000,10,314
00:08:24,8,316
00:08:24.500000,8,316
00:08:25,10,315
00:08:25.500000,6,315
00:08:26,10,315
00:08:26.500000,7,314
00:08:27,7,314
00:08:27.500000,7,315
00:08:28,6,314
00:08:28.500000,9,315
00:08:29,9,316
00:08:29.500000,9,316
00:08:30,9,315
00:08:30.500000,10,315
00:08:31,7,315
00:08:31.500000,10,315
00:08:32,10,315
00:08:32.500000,9,316
00:08:33,10,315
00:08:33.500000,6,315
00:08:34,6,315
00:08:34.500000,7,314
00:08:35,8,315
00:08:35.500000,8,315
00:08:36,10,315
00:08:36.500000,10,315
00:08:37,8,315
00:08:37.500000,7,315
00:08:38,8,315
00:08:38.500000,7,314
00:08:39,7,314
00:08:39.500000,10,315
00:08:40,8,315
00:08:40.500000,9,315
00:08:41,6,316
00:08:41.500000,6,316
00:08:42,10,315
00:08:42.500000,10,315
00:08:43,7,315
00:08:43.500000,9,314
00:08:44,9,314
00:08:44.500000,6,315
00:08:45,10,315
00:08:45.500000,10,314
00:08:46,10,314
00:08:46.500000,9,314
00:08:47,7,317
00:08:47.500000,10,315
00:08:48,10,315
00:08:48.500000,10,315
00:08:49,7,315
00:08:49.500000,7,315
00:08:50,8,315
00:08:50.500000,8,315
00:08:51,8,315
00:08:51.500000,7,315
00:08:52,9,315
00:08:52.500000,10,315
00:08:53,10,316
00:08:53.500000,10,316
00:08:54,10,315
00:08:54.500000,10,314
00:08:55,6,315
00:08:55.500000,6,315
00:08:56,10,316
00:08:56.500000,10,315
00:08:57,7,315
00:08:57.500000,7,316
00:08:58,7,316
00:08:58.500000,6,315
00:08:59,6,315
00:08:59.500000,10,316
00:09:00,10,315
00:09:00.500000,10,315
00:09:01,9,315
00:09:01.500000,8,316
00:09:02,10,316
00:09:02.500000,6,317
00:09:03,6,317
00:09:03.500000,10,316
00:09:04,10,316
00:09:04.500000,7,315
00:09:05,8,317
00:09:05.500000,8,317
00:09:06,6,315
00:09:06.500000,10,316
00:09:07,8,316
00:09:07.500000,6,316
00:09:08,6,316
00:09:08.500000,7,315
00:09:09,9,316
00:09:09.500000,10,315
00:09:10,10,315
00:09:10.500000,7,316
00:09:11,7,315
00:09:11.500000,8,316
00:09:12,7,317
00:09:12.500000,7,317
00:09:13,9,316
00:09:13.500000,8,316
00:09:14,8,315
00:09:14.500000,6,315
00:09:15,6,315
00:09:15.500000,10,315
00:09:16,8,316
00:09:16.500000,10,316
00:09:17,10,317
00:09:17.500000,10,317
00:09:18,10,315
00:09:18.500000,9,316
00:09:19,10,317
00:09:19.500000,10,317
00:09:20,10,316
00:09:20.500000,9,315
00:09:21,8,316
00:09:21.500000,7,315
00:09:22,10,317
00:09:22.500000,10,317
00:09:23,6,317
00:09:23.500000,6,315
00:09:24,7,316
00:09:24.500000,7,316
00:09:25,9,316
00:09:25.500000,9,316
00:09:26,7,317
00:09:26.500000,8,317
00:09:27,8,317
00:09:27.500000,6,315
00:09:28,10,316
00:09:28.500000,8,315
00:09:29,6,316
00:09:29.500000,6,316
00:09:30,9,317
00:09:30.500000,7,316
00:09:31,6,317
00:09:31.500000,10,316
00:09:32,10,316
00:09:32.500000,7,316
00:09:33,10,317
00:09:33.500000,7,316
00:09:34,9,317
00:09:34.500000,9,317
00:09:35,10,317
00:09:35.500000,10,316
00:09:36,10,317
00:09:36.500000,10,317
00:09:37,10,317
00:09:37.500000,8,316
00:09:38,6,318
00:09:38.500000,8,317
00:09:39,8,317
00:09:39.500000,7,317
00:09:40,8,316
00:09:40.500000,7,315
00:09:41,9,315
00:09:41.500000,9,315
00:09:42,10,316
00:09:42.500000,10,317
00:09:43,8,316
00:09:43.500000,7,316
00:09:44,7,316
00:09:44.500000,10,317
00:09:45,9,316
00:09:45.500000,10,316
00:09:46,10,316
00:09:46.500000,9,316
00:09:47,6,317
00:09:47.500000,9,316
00:09:48,7,316
00:09:48.500000,7,316
00:09:49,9,317
00:09:49.500000,6,316
00:09:50,7,316
00:09:50.500000,6,316
00:09:51,6,316
00:09:51.500000,9,317
00:09:52,7,317
00:09:52.500000,10,316
00:09:53,8,316
00:09:53.500000,8,316
00:09:54,10,316
00:09:54.500000,7,316
00:09:55,8,316
00:09:55.500000,9,317
00:09:56,9,317
00:09:56.500000,7,316
00:09:57,7,316
00:09:57.500000,9,317
00:09:58,9,317
00:09:58.500000,10,316
00:09:59,10,316
00:09:59.500000,6,316
00:10:00,10,318
00:10:00.500000,10,318
00:10:01,10,317
00:10:01.500000,10,317
00:10:02,10,317
00:10:02.500000,7,317
00:10:03,7,317
00:10:03.500000,6,317
00:10:04,10,317
00:10:04.500000,8,317
00:10:05,6,316
00:10:05.500000,6,316
00:10:06,8,317
00:10:06.500000,6,316
00:10:07,11,317
00:10:07.500000,7,317
00:10:08,7,317
00:10:08.500000,10,317
00:10:09,7,317
00:10:09.500000,10,317
00:10:10,10,317
00:10:10.500000,6,317
00:10:11,10,316
00:10:11.500000,10,316
00:10:12,9,318
00:10:12.500000,9,318
00:10:13,6,317
00:10:13.500000,10,317
00:10:14,6,317
00:10:14.500000,8,316
00:10:15,8,316
00:10:15.500000,8,318
00:10:16,9,318
00:10:16.500000,6,317
00:10:17,8,317
00:10:17.500000,8,317
00:10:18,6,317
00:10:18.500000,7,317
00:10:19,6,317
00:10:19.500000,6,317
00:10:20,6,317
00:10:20.500000,6,317
00:10:21,8,317
00:10:21.500000,6,318
00:10:22,7,316
00:10:22.500000,7,316
00:10:23,8,317
00:10:23.500000,6,318
00:10:24,10,317
00:10:24.500000,10,317
00:10:25,7,318
00:10:25.500000,10,318
00:10:26,6,316
00:10:26.500000,7,316
00:10:27,7,316
00:10:27.500000,6,317
00:10:28,10,318
00:10:28.500000,6,318
00:10:29,6,317
00:10:29.500000,6,317
00:10:30,8,318
00:10:30.500000,10,317
00:10:31,8,318
00:10:31.500000,7,318
00:10:32,7,318
00:10:32.500000,7,317
00:10:33,9,317
00:10:33.500000,7,317
00:10:34,9,317
00:10:34.500000,9,317
00:10:35,7,318
00:10:35.500000,6,317
00:10:36,6,318
00:10:36.500000,6,318
00:10:37,10,318
00:10:37.500000,10,318
00:10:38,9,317
00:10:38.500000,8,317
00:10:39,8,317
00:10:39.500000,8,317
00:10:40,8,317
00:10:40.500000,8,316
00:10:41,10,319
00:10:41.500000,10,319
00:10:42,10,317
00:10:42.500000,8,317
00:10:43,9,317
00:10:43.500000,10,317
00:10:44,10,317
00:10:44.500000,6,318
00:10:45,10,317
00:10:45.500000,10,318
00:10:46,10,318
00:10:46.500000,10,318
00:10:47,6,318
00:10:47.500000,10,318
00:10:48,6,317
00:10:48.500000,6,317
00:10:49,6,318
00:10:49.500000,10,317
00:10:50,6,317
00:10:50.500000,10,318
00:10:51,10,318
00:10:51.500000,6,318
00:10:52,7,318
00:10:52.500000,6,318
00:10:53,10,318
00:10:53.500000,10,318
00:10:54,7,318
00:10:54.500000,8,318
00:10:55,7,319
00:10:55.500000,6,317
00:10:56,6,317
00:10:56.500000,6,318
00:10:57,10,318
00:10:57.500000,9,318
00:10:58,9,318
00:10:58.500000,10,318
00:10:59,10,318
00:10:59.500000,6,317
00:11:00,6,318
00:11:00.500000,6,318
00:11:01,10,317
00:11:01.500000,8,318
00:11:02,9,318
00:11:02.500000,7,317
00:11:03,7,317
00:11:03.500000,8,319
00:11:04,6,319
00:11:04.500000,7,319
00:11:05,8,318
00:11:05.500000,8,318
00:11:06,6,317
00:11:06.500000,10,318
00:11:07,8,318
00:11:07.500000,8,317
00:11:08,8,317
00:11:08.500000,9,318
00:11:09,9,318
00:11:09.500000,8,318
00:11:10,7,319
00:11:10.500000,7,319
00:11:11,6,317
00:11:11.500000,6,318
00:11:12,7,319
00:11:12.500000,7,319
00:11:13,6,318
00:11:13.500000,7,318
00:11:14,9,319
00:11:14.500000,7,318
00:11:15,7,318
00:11:15.500000,6,318
00:11:16,10,319
00:11:16.500000,10,319
00:11:17,8,319
00:11:17.500000,8,319
00:11:18,10,318
00:11:18.500000,7,319
00:11:19,7,319
00:11:19.500000,6,319
00:11:20,6,319
00:11:20.500000,7,319
00:11:21,10,320
00:11:21.500000,7,318
00:11:22,7,318
00:11:22.500000,7,318
00:11:23,6,319
00:11:23.500000,10,319
00:11:24,7,319
00:11:24.500000,7,319
00:11:25,8,319
00:11:25.500000,6,318
00:11:26,8,319
00:11:26.500000,10,319
00:11:27,10,319
00:11:27.500000,6,319
00:11:28,7,318
00:11:28.500000,7,319
00:11:29,6,319
00:11:29.500000,6,319
00:11:30,9,318
00:11:30.500000,6,318
00:11:31,6,318
00:11:31.500000,7,317
00:11:32,7,317
00:11:32.500000,10,318
00:11:33,10,319
00:11:33.500000,8,319
00:11:34,8,319
00:11:34.500000,8,319
00:11:35,9,318
00:11:35.500000,10,318
00:11:36,6,318
00:11:36.500000,6,318
00:11:37,8,319
00:11:37.500000,6,318
00:11:38,6,319
00:11:38.500000,7,318
00:11:39,7,318
00:11:39.500000,10,318
00:11:40,10,319
00:11:40.500000,10,319
00:11:41,10,319
00:11:41.500000,10,319
00:11:42,9,319
00:11:42.500000,6,317
00:11:43,11,318
00:11:43.500000,9,319
00:11:44,9,319
00:11:44.500000,8,319
00:11:45,10,319
00:11:45.500000,6,319
00:11:46,10,318
00:11:46.500000,10,318
00:11:47,8,318
00:11:47.500000,10,319
00:11:48,7,319
00:11:48.500000,7,319
00:11:49,7,319
00:11:49.500000,6,319
00:11:50,7,319
00:11:50.500000,9,319
00:11:51,9,319
00:11:51.500000,10,319
00:11:52,8,319
00:11:52.500000,6,319
00:11:53,7,319
00:11:53.500000,7,319
00:11:54,7,319
00:11:54.500000,7,319
00:11:55,6,319
00:11:55.500000,10,319
00:11:56,10,319
00:11:56.500000,7,318
00:11:57,9,321
00:11:57.500000,6,319
00:11:58,6,319
00:11:58.500000,10,319
00:11:59,6,319
00:11:59.500000,10,319
00:12:00,9,319
00:12:00.500000,9,319
00:12:01,8,319
00:12:01.500000,6,319
00:12:02,9,320
00:12:02.500000,10,319
00:12:03,10,319
00:12:03.500000,8,319
00:12:04,8,319
00:12:04.500000,10,320
00:12:05,9,319
00:12:05.500000,9,319
00:12:06,7,318
00:12:06.500000,8,319
00:12:07,7,319
00:12:07.500000,10,319
00:12:08,10,319
00:12:08.500000,6,319
00:12:09,9,322
00:12:09.500000,9,319
00:12:10,8,319
00:12:10.500000,8,319
00:12:11,9,319
00:12:11.500000,7,319
00:12:12,9,319
00:12:12.500000,9,319
00:12:13,7,319
00:12:13.500000,6,319
00:12:14,10,320
00:12:14.500000,8,320
00:12:15,8,320
00:12:15.500000,11,320
00:12:16,6,319
00:12:16.500000,7,319
00:12:17,7,319
00:12:17.500000,7,319
00:12:18,7,320
00:12:18.500000,8,319
00:12:19,10,319
00:12:19.500000,9,319
00:12:20,9,319
00:12:20.500000,6,319
00:12:21,9,320
00:12:21.500000,9,320
00:12:22,10,321
00:12:22.500000,10,321
00:12:23,10,319
00:12:23.500000,6,319
00:12:24,10,320
00:12:24.500000,10,320
00:12:25,7,319
00:12:25.500000,10,319
00:12:26,10,319
00:12:26.500000,8,318
00:12:27,8,318
00:12:27.500000,6,319
00:12:28,8,319
00:12:28.500000,9,320
00:12:29,7,319
00:12:29.500000,7,319
00:12:30,10,319
00:12:30.500000,9,320
00:12:31,10,319
00:12:31.500000,7,320
00:12:32,7,320
00:12:32.500000,7,319
00:12:33,7,319
00:12:33.500000,9,319
00:12:34,6,319
00:12:34.500000,6,319
00:12:35,10,319
00:12:35.500000,7,318
00:12:36,10,319
00:12:36.500000,10,319
00:12:37,10,319
00:12:37.500000,6,321
00:12:38,9,319
00:12:38.500000,7,319
00:12:39,7,319
00:12:39.500000,6,320
00:12:40,10,320
00:12:40.500000,6,320
00:12:41,7,321
00:12:41.500000,7,321
00:12:42,10,319
00:12:42.500000,9,320
00:12:43,10,319
00:12:43.500000,9,320
00:12:44,9,320
00:12:44.500000,7,321
00:12:45,8,320
00:12:45.500000,10,319
00:12:46,10,319
00:12:46.500000,10,319
00:12:47,10,321
00:12:47.500000,10,319
00:12:48,10,319
00:12:48.500000,10,319
00:12:49,7,319
00:12:49.500000,10,319
00:12:50,6,320
00:12:50.500000,10,321
00:12:51,10,321
00:12:51.500000,10,319
00:12:52,10,321
00:12:52.500000,7,321
00:12:53,10,320
00:12:53.500000,10,320
00:12:54,6,319
00:12:54.500000,8,320
00:12:55,7,321
00:12:55.500000,8,321
00:12:56,8,321
00:12:56.500000,11,321
00:12:57,6,320
00:12:57.500000,8,319
00:12:58,10,319
00:12:58.500000,10,319
00:12:59,8,320
00:12:59.500000,10,320
00:13:00,10,319
00:13:00.500000,7,319
00:13:01,7,319
00:13:01.500000,8,322
00:13:02,9,319
00:13:02.500000,10,319
00:13:03,10,319
00:13:03.500000,8,320
00:13:04,10,319
00:13:04.500000,8,319
00:13:05,6,321
00:13:05.500000,6,321
00:13:06,8,320
00:13:06.500000,6,321
00:13:07,10,319
00:13:07.500000,10,319
00:13:08,10,319
00:13:08.500000,11,322
00:13:09,6,321
00:13:09.500000,7,320
00:13:10,8,319
00:13:10.500000,8,319
00:13:11,9,319
00:13:11.500000,9,319
00:13:12,7,321
00:13:12.500000,7,321
00:13:13,7,321
00:13:13.500000,7,322
00:13:14,10,321
00:13:14.500000,10,321
00:13:15,10,321
00:13:15.500000,8,319
00:13:16,10,319
00:13:16.500000,10,321
00:13:17,8,321
00:13:17.500000,8,321
00:13:18,10,319
00:13:18.500000,10,321
00:13:19,7,319
00:13:19.500000,7,320
00:13:20,7,320
00:13:20.500000,10,319
00:13:21,6,319
00:13:21.500000,7,321
00:13:22,6,321
00:13:22.500000,6,321
00:13:23,10,321
00:13:23.500000,10,321
00:13:24,6,321
00:13:24.500000,10,321
00:13:25,10,321
00:13:25.500000,8,320
00:13:26,8,320
00:13:26.500000,10,321
00:13:27,10,321
00:13:27.500000,6,322
00:13:28,10,321
00:13:28.500000,8,321
00:13:29,10,321
00:13:29.500000,10,321
00:13:30,9,322
00:13:30.500000,7,321
00:13:31,11,322
00:13:31.500000,6,321
00:13:32,6,321
00:13:32.500000,6,322
00:13:33,7,320
00:13:33.500000,10,321
00:13:34,10,320
00:13:34.500000,10,320
00:13:35,7,321
00:13:35.500000,7,321
00:13:36,10,319
00:13:36.500000,6,321
00:13:37,6,321
00:13:37.500000,8,321
00:13:38,10,321
00:13:38.500000,7,321
00:13:39,7,321
00:13:39.500000,10,321
00:13:40,6,320
00:13:40.500000,10,321
00:13:41,6,320
00:13:41.500000,6,320
00:13:42,10,320
00:13:42.500000,7,321
00:13:43,8,321
00:13:43.500000,8,321
00:13:44,8,321
00:13:44.500000,9,321
00:13:45,10,321
00:13:45.500000,10,322
00:13:46,10,321
00:13:46.500000,10,321
00:13:47,6,322
00:13:47.500000,6,322
00:13:48,9,322
00:13:48.500000,6,322
00:13:49,6,322
00:13:49.500000,7,321
00:13:50,8,321
00:13:50.500000,10,321
00:13:51,10,321
00:13:51.500000,10,321
00:13:52,7,322
00:13:52.500000,10,321
00:13:53,10,320
00:13:53.500000,10,320
00:13:54,10,322
00:13:54.500000,9,322
00:13:55,7,321
00:13:55.500000,7,322
00:13:56,7,322
00:13:56.500000,9,323
00:13:57,6,322
00:13:57.500000,10,322
00:13:58,7,321
00:13:58.500000,7,321
00:13:59,6,321
00:13:59.500000,9,322
00:14:00,7,322
00:14:00.500000,7,322
00:14:01,6,319
00:14:01.500000,8,322
00:14:02,10,320
00:14:02.500000,10,321
00:14:03,10,321
00:14:03.500000,6,322
00:14:04,6,322
00:14:04.500000,9,321
00:14:05,6,322
00:14:05.500000,6,322
00:14:06,10,321
00:14:06.500000,6,322
00:14:07,10,322
00:14:07.500000,8,321
00:14:08,8,321
00:14:08.500000,7,321
00:14:09,7,322
00:14:09.500000,7,321
00:14:10,6,321
00:14:10.500000,6,321
00:14:11,10,322
00:14:11.500000,6,321
00:14:12,8,322
00:14:12.500000,8,322
00:14:13,10,321
00:14:13.500000,6,322
00:14:14,6,322
00:14:14.500000,8,321
00:14:15,8,321
00:14:15.500000,10,322
00:14:16,10,322
00:14:16.500000,6,322
00:14:17,8,322
00:14:17.500000,8,322
00:14:18,9,321
00:14:18.500000,8,321
00:14:19,6,321
00:14:19.500000,10,322
00:14:20,10,322
00:14:20.500000,6,323
00:14:21,6,322
00:14:21.500000,8,322
00:14:22,9,322
00:14:22.500000,9,322
00:14:23,9,321
00:14:23.500000,7,322
00:14:24,7,321
00:14:24.500000,7,321
00:14:25,10,321
00:14:25.500000,8,322
00:14:26,10,322
00:14:26.500000,7,322
00:14:27,7,323
00:14:27.500000,7,323
00:14:28,7,322
00:14:28.500000,6,322
00:14:29,7,322
00:14:29.500000,7,322
00:14:30,10,321
00:14:30.500000,8,323
00:14:31,7,321
00:14:31.500000,10,322
00:14:32,10,322
00:14:32.500000,8,323
00:14:33,7,323
00:14:33.500000,7,323
00:14:34,7,322
00:14:34.500000,7,322
00:14:35,10,322
00:14:35.500000,9,322
00:14:36,8,322
00:14:36.500000,8,323
00:14:37,8,323
00:14:37.500000,9,323
00:14:38,6,323
00:14:38.500000,6,322
00:14:39,6,322
00:14:39.500000,10,322
00:14:40,8,322
00:14:40.500000,10,322
00:14:41,6,322
00:14:41.500000,6,322
00:14:42,8,323
00:14:42.500000,10,323
00:14:43,7,323
00:14:43.500000,6,322
00:14:44,6,322
00:14:44.500000,10,323
00:14:45,10,322
00:14:45.500000,7,324
00:14:46,10,322
00:14:46.500000,10,322
00:14:47,8,322
00:14:47.500000,8,323
00:14:48,8,322
00:14:48.500000,6,322
00:14:49,6,322
00:14:49.500000,8,322
00:14:50,7,322
00:14:50.500000,9,322
00:14:51,9,322
00:14:51.500000,9,322
00:14:52,7,323
00:14:52.500000,8,324
00:14:53,10,322
00:14:53.500000,10,322
00:14:54,7,323
00:14:54.500000,7,323
00:14:55,6,321
00:14:55.500000,6,323
00:14:56,6,323
00:14:56.500000,7,323
00:14:57,10,322
00:14:57.500000,10,323
00:14:58,6,322
00:14:58.500000,6,322
00:14:59,7,323
00:14:59.500000,10,323
00:15:00,7,323
00:15:00.500000,10,322
00:15:01,10,322
00:15:01.500000,9,323
00:15:02,10,323
00:15:02.500000,10,323
00:15:03,8,323
00:15:03.500000,8,323
00:15:04,7,322
00:15:04.500000,6,322
00:15:05,10,323
00:15:05.500000,10,323
00:15:06,7,323
00:15:06.500000,7,322
00:15:07,10,323
00:15:07.500000,10,323
00:15:08,10,323
00:15:08.500000,10,323
00:15:09,7,322
00:15:09.500000,10,323
00:15:10,10,323
00:15:10.500000,10,323
00:15:11,8,323
00:15:11.500000,6,323
00:15:12,7,323
00:15:12.500000,10,324
00:15:13,10,324
00:15:13.500000,10,323
00:15:14,10,322
00:15:14.500000,7,322
00:15:15,10,323
00:15:15.500000,10,323
00:15:16,6,323
00:15:16.500000,10,324
00:15:17,10,323
00:15:17.500000,10,323
00:15:18,8,323
00:15:18.500000,7,323
00:15:19,10,322
00:15:19.500000,8,324
00:15:20,8,324
00:15:20.500000,8,322
00:15:21,9,323
00:15:21.500000,8,323
00:15:22,10,323
00:15:22.500000,10,323
00:15:23,7,323
00:15:23.500000,8,323
00:15:24,7,322
00:15:24.500000,10,323
00:15:25,10,323
00:15:25.500000,10,322
00:15:26,8,323
00:15:26.500000,6,323
00:15:27,6,323
00:15:27.500000,6,323
00:15:28,9,322
00:15:28.500000,6,323
00:15:29,7,323
00:15:29.500000,7,323
00:15:30,9,323
00:15:30.500000,10,322
00:15:31,10,322
00:15:31.500000,10,322
00:15:32,10,322
00:15:32.500000,10,322
00:15:33,9,323
00:15:33.500000,8,323
00:15:34,9,323
00:15:34.500000,9,323
00:15:35,6,323
00:15:35.500000,9,323
00:15:36,10,322
00:15:36.500000,6,323
00:15:37,6,323
00:15:37.500000,10,324
00:15:38,7,323
00:15:38.500000,9,324
00:15:39,6,323
00:15:39.500000,6,323
00:15:40,9,324
00:15:40.500000,6,323
00:15:41,6,323
00:15:41.500000,6,323
00:15:42,7,324
00:15:42.500000,6,323
00:15:43,10,324
00:15:43.500000,8,324
00:15:44,8,324
00:15:44.500000,8,323
00:15:45,10,324
00:15:45.500000,9,324
00:15:46,6,323
00:15:46.500000,6,323
00:15:47,6,324
00:15:47.500000,9,323
00:15:48,7,323
00:15:48.500000,7,325
00:15:49,7,325
00:15:49.500000,9,323
00:15:50,8,322
00:15:50.500000,10,324
00:15:51,10,324
00:15:51.500000,9,323
00:15:52,7,324
00:15:52.500000,6,324
00:15:53,9,323
00:15:53.500000,9,323
00:15:54,7,323
00:15:54.500000,6,323
00:15:55,7,323
00:15:55.500000,7,323
00:15:56,7,323
00:15:56.500000,7,323
00:15:57,10,324
00:15:57.500000,10,323
00:15:58,7,323
00:15:58.500000,7,323
00:15:59,6,323
00:15:59.500000,9,323
00:16:00,10,324
00:16:00.500000,8,324
00:16:01,8,324
00:16:01.500000,10,326
00:16:02,11,324
00:16:02.500000,7,325
00:16:03,7,325
00:16:03.500000,8,324
00:16:04,6,323
00:16:04.500000,10,324
00:16:05,7,323
00:16:05.500000,7,323
00:16:06,7,324
00:16:06.500000,10,323
00:16:07,10,325
00:16:07.500000,7,323
00:16:08,7,323
00:16:08.500000,11,323
00:16:09,7,323
00:16:09.500000,7,324
00:16:10,9,324
00:16:10.500000,9,324
00:16:11,7,325
00:16:11.500000,9,325
00:16:12,6,324
00:16:12.500000,10,324
00:16:13,10,324
00:16:13.500000,6,324
00:16:14,6,323
00:16:14.500000,10,324
00:16:15,10,324
00:16:15.500000,8,323
00:16:16,10,324
00:16:16.500000,8,325
00:16:17,6,325
00:16:17.500000,6,325
00:16:18,10,323
00:16:18.500000,10,324
00:16:19,8,323
00:16:19.500000,9,325
00:16:20,9,325
00:16:20.500000,9,323
00:16:21,7,323
00:16:21.500000,10,324
00:16:22,8,323
00:16:22.500000,8,323
00:16:23,7,323
00:16:23.500000,7,323
00:16:24,10,323
00:16:24.500000,10,325
00:16:25,10,325
00:16:25.500000,7,324
00:16:26,8,324
00:16:26.500000,9,324
00:16:27,9,324
00:16:27.500000,7,324
00:16:28,8,324
00:16:28.500000,6,323
00:16:29,7,324
00:16:29.500000,7,324
00:16:30,7,324
00:16:30.500000,7,323
00:16:31,7,324
00:16:31.500000,10,323
00:16:32,10,323
00:16:32.500000,7,325
00:16:33,6,325
00:16:33.500000,7,324
00:16:34,9,325
00:16:34.500000,9,325
00:16:35,10,323
00:16:35.500000,7,325
00:16:36,10,323
00:16:36.500000,10,325
00:16:37,10,325
00:16:37.500000,9,324
00:16:38,6,325
00:16:38.500000,7,324
00:16:39,7,324
00:16:39.500000,10,323
00:16:40,10,324
00:16:40.500000,9,324
00:16:41,7,324
00:16:41.500000,7,324
00:16:42,7,324
00:16:42.500000,6,324
00:16:43,10,325
00:16:43.500000,8,324
00:16:44,8,324
00:16:44.500000,8,325
00:16:45,7,325
00:16:45.500000,8,324
00:16:46,7,325
00:16:46.500000,7,325
00:16:47,6,325
00:16:47.500000,7,325
00:16:48,10,325
00:16:48.500000,10,325
00:16:49,10,325
00:16:49.500000,10,325
00:16:50,7,324
00:16:50.500000,8,324
00:16:51,7,325
00:16:51.500000,7,325
00:16:52,10,325
00:16:52.500000,10,325
00:16:53,8,326
00:16:53.500000,8,326
00:16:54,9,325
00:16:54.500000,7,325
00:16:55,10,325
00:16:55.500000,10,325
00:16:56,10,325
00:16:56.500000,10,324
00:16:57,8,325
00:16:57.500000,7,324
00:16:58,8,325
00:16:58.500000,8,325
00:16:59,6,324
00:16:59.500000,8,325
00:17:00,9,324
00:17:00.500000,9,325
00:17:01,9,325
00:17:01.500000,7,324
00:17:02,6,325
00:17:02.500000,7,325
00:17:03,10,325
00:17:03.500000,10,325
00:17:04,6,324
00:17:04.500000,6,324
00:17:05,8,326
00:17:05.500000,8,326
00:17:06,8,325
00:17:06.500000,7,326
00:17:07,8,325
00:17:07.500000,6,324
00:17:08,6,324
00:17:08.500000,8,325
00:17:09,11,324
00:17:09.500000,10,325
00:17:10,7,324
00:17:10.500000,7,324
00:17:11,6,325
00:17:11.500000,9,325
00:17:12,6,325
00:17:12.500000,9,325
00:17:13,9,325
00:17:13.500000,7,324
00:17:14,10,325
00:17:14.500000,10,325
00:17:15,8,324
00:17:15.500000,8,324
00:17:16,7,325
00:17:16.500000,9,325
00:17:17,7,325
00:17:17.500000,7,325
00:17:18,9,325
00:17:18.500000,9,326
00:17:19,10,325
00:17:19.500000,7,324
00:17:20,7,324
00:17:20.500000,6,326
00:17:21,7,324
00:17:21.500000,10,325
00:17:22,7,325
00:17:22.500000,7,325
00:17:23,6,325
00:17:23.500000,9,326
00:17:24,9,325
00:17:24.500000,7,325
00:17:25,7,325
00:17:25.500000,10,324
00:17:26,7,325
00:17:26.500000,7,325
00:17:27,7,325
00:17:27.500000,7,325
00:17:28,8,324
00:17:28.500000,7,325
00:17:29,7,325
00:17:29.500000,6,325
00:17:30,6,325
00:17:30.500000,8,325
00:17:31,7,325
00:17:31.500000,7,325
00:17:32,7,325
00:17:32.500000,6,324
00:17:33,8,325
00:17:33.500000,10,325
00:17:34,10,325
00:17:34.500000,10,325
00:17:35,10,325
00:17:35.500000,9,325
00:17:36,10,325
00:17:36.500000,7,326
00:17:37,7,326
00:17:37.500000,6,325
00:17:38,8,324
00:17:38.500000,10,326
00:17:39,8,325
00:17:39.500000,8,325
00:17:40,10,325
00:17:40.500000,7,326
00:17:41,7,326
00:17:41.500000,9,325
00:17:42,9,325
00:17:42.500000,7,326
00:17:43,7,324
00:17:43.500000,7,325
00:17:44,7,325
00:17:44.500000,7,325
00:17:45,8,325
00:17:45.500000,8,326
00:17:46,9,325
00:17:46.500000,9,325
00:17:47,6,326
00:17:47.500000,9,326
00:17:48,6,325
00:17:48.500000,10,326
00:17:49,10,326
00:17:49.500000,7,325
00:17:50,9,326
00:17:50.500000,7,325
00:17:51,7,325
00:17:51.500000,7,325
00:17:52,9,325
00:17:52.500000,9,326
00:17:53,7,325
00:17:53.500000,10,325
00:17:54,10,325
00:17:54.500000,6,326
00:17:55,7,325
00:17:55.500000,8,327
00:17:56,8,327
00:17:56.500000,8,326
00:17:57,6,325
00:17:57.500000,9,326
00:17:58,6,325
00:17:58.500000,6,325
00:17:59,8,326
00:17:59.500000,7,326
00:18:00,8,325
00:18:00.500000,9,326
00:18:01,9,326
00:18:01.500000,8,326
00:18:02,6,325
00:18:02.500000,10,325
00:18:03,10,325
00:18:03.500000,10,325
00:18:04,9,325
00:18:04.500000,10,326
00:18:05,9,325
00:18:05.500000,6,326
00:18:06,6,326
00:18:06.500000,10,325
00:18:07,10,325
00:18:07.500000,6,325
00:18:08,6,325
00:18:08.500000,6,326
00:18:09,6,325
00:18:09.500000,7,326
00:18:10,10,326
00:18:10.500000,10,326
00:18:11,9,326
00:18:11.500000,10,326
00:18:12,7,325
00:18:12.500000,6,326
00:18:13,6,326
00:18:13.500000,8,326
00:18:14,10,325
00:18:14.500000,10,327
00:18:15,6,327
00:18:15.500000,6,327
00:18:16,9,326
00:18:16.500000,7,327
00:18:17,8,326
00:18:17.500000,6,326
00:18:18,6,326
00:18:18.500000,7,327
00:18:19,6,325
00:18:19.500000,9,325
00:18:20,9,325
00:18:20.500000,7,326
00:18:21,9,326
00:18:21.500000,10,326
00:18:22,6,327
00:18:22.500000,6,327
00:18:23,6,326
00:18:23.500000,10,326
00:18:24,7,325
00:18:24.500000,10,326
00:18:25,10,326
00:18:25.500000,10,326
00:18:26,7,326
00:18:26.500000,10,326
00:18:27,10,326
00:18:27.500000,10,326
00:18:28,10,325
00:18:28.500000,8,325
00:18:29,10,326
00:18:29.500000,6,326
00:18:30,6,326
00:18:30.500000,10,327
00:18:31,9,325
00:18:31.500000,9,326
00:18:32,9,326
00:18:32.500000,10,326
00:18:33,6,326
00:18:33.500000,6,326
00:18:34,10,326
00:18:34.500000,10,326
00:18:35,10,326
00:18:35.500000,10,326
00:18:36,10,326
00:18:36.500000,7,326
00:18:37,7,326
00:18:37.500000,10,327
00:18:38,7,326
00:18:38.500000,6,326
00:18:39,6,327
00:18:39.500000,6,327
00:18:40,10,326
00:18:40.500000,7,326
00:18:41,7,326
00:18:41.500000,9,326
00:18:42,9,326
00:18:42.500000,6,326
00:18:43,7,326
00:18:43.500000,10,326
00:18:44,10,326
00:18:44.500000,10,326
00:18:45,7,327
00:18:45.500000,6,327
00:18:46,10,326
00:18:46.500000,10,326
00:18:47,7,327
00:18:47.500000,10,326
00:18:48,8,327
00:18:48.500000,6,326
00:18:49,6,326
00:18:49.500000,7,325
00:18:50,7,327
00:18:50.500000,10,327
00:18:51,9,327
00:18:51.500000,9,327
00:18:52,8,327
00:18:52.500000,10,326
00:18:53,7,326
00:18:53.500000,7,326
00:18:54,8,327
00:18:54.500000,7,327
00:18:55,8,327
00:18:55.500000,8,327
00:18:56,8,327
00:18:56.500000,8,327
00:18:57,7,327
00:18:57.500000,7,326
00:18:58,6,326
00:18:58.500000,6,326
00:18:59,10,327
00:18:59.500000,8,327
00:19:00,9,326
00:19:00.500000,10,325
00:19:01,10,325
00:19:01.500000,9,325
00:19:02,10,325
00:19:02.500000,6,326
00:19:03,7,326
00:19:03.500000,7,326
00:19:04,11,327
00:19:04.500000,7,327
00:19:05,8,326
00:19:05.500000,8,326
00:19:06,9,326
00:19:06.500000,9,327
00:19:07,7,327
00:19:07.500000,7,328
00:19:08,7,328
